Loc,1,1.p,2,2.p,3,3.p,4,4.p,5,5.p,6,6p,7,7p,8,8p,9,9p,10,10p,11,11p,12,12p,13,13p,14,14p,15,15p,16,16p,17,17p,18,18p,19,19p,20,20p,21,21p,22,22p,23,23p,24,24p,25,25p,26,26p,27,27p,28,28p,29,29p,30,30p,31,31p,32,32p,33,33p,34,34p,35,35p,36,36p,37,37p,38,38p,39,39p,40,40p,41,41p,42,42p,43,43p,44,44p,45,45p,46,46p,47,47p,48,48p,49,49p,50,50p,51,51p,52,52p,53,53p,54,54p,55,55p,56,56p,57,57p,58,58p,59,59p,60,60p,61,61p,62,62p,63,63p,64,64p,65,65p,66,66p,67,67p,68,68p,69,69p,吾,wú,71,71p,72,72p,73,73p,74,74p,75,75p,76,76p,77,77p,78,78p,79,79p,80,80p,81,81p
1,道,dào,天下,tiān xià,不,bù,道,dào,天,tiān,谷,gǔ,天,tiān,上,shàng,持,chí,載,zài,三,sān,五,wǔ,寵,chǒng,視,shì,古,gǔ,致,zhì,太,tài,大,dà,絕,jué,絕,jué,孔,kǒng,曲,qū,希,xī,企,qǐ,有,yǒu,重,zhòng,善,shàn,知,zhī,將,jiāng,以,yǐ,夫,fū,道,dào,知,zhī,大道,dà dào,執,zhí,將,jiāng,道,dào,上,shàng,昔,xī,反,fǎn,上,shàng,道,dào,天下,tiān xià,名,míng,大,dà,天,tiān,不,bù,為,wéi,聖,shèng,出,chū,道,dào,天下,tiān xià,使,shǐ,善,shàn,含,hán,知,zhī,以,yǐ,其,qí,治,zhì,治,zhì,大,dà,道,dào,為,wéi,其,qí,古,gǔ,江,jiāng,天,tiān,善,shàn,用,yòng,言,yán,知,zhī,民,mín,勇,yǒng,民,mín,民,mín,人,rén,天,tiān,天,tiān,和,hé,小,xiǎo,信,xìn
2,可,kě,皆,jiē,尚,shàng,沖,chōng,地,dì,神,shén,長,cháng,善,shàn,而,ér,營,yíng,十,shí,色,sè,辱,rǔ,之,zhī,之,zhī,虛,xū,上,shàng,道,dào,聖,shèng,學,xué,德,dé,則,zé,言,yán,者,zhě,物,wù,為,wéi,行,xíng,其,qí,欲,yù,道,dào,佳,jiā,常,cháng,人,rén,泛,fàn,大,dà,欲,yù,常,cháng,德,dé,之,zhī,者,zhě,士,shì,生,shēng,之,zhī,與,yǔ,成,chéng,下,xià,出,chū,學,xué,人,rén,生,shēng,生,shēng,有,yǒu,我,wǒ,建,jiàn,德,dé,者,zhě,正,zhèng,政,zhèng,人,rén,大,dà,國,guó,者,zhě,無,wú,安,ān,之,zhī,海,hǎi,下,xià,為,wéi,兵,bīng,甚,shèn,不,bù,不,bù,於,yú,不,bù,之,zhī,之,zhī,之,zhī,下,xià,大,dà,國,guó,言,yán
3,道,dào,知,zhī,賢,xián,而,ér,不,bù,不,bù,地,dì,若,ruò,盈,yíng,魄,pò,輻,fú,令人,lìng rén,若,ruò,不,bù,善,shàn,極,jí,下,xià,廢,fèi,棄,qì,無,wú,之,zhī,全,quán,自,zì,不,bù,混,hùn,輕,qīng,無,wú,雄,xióng,取,qǔ,佐,zuǒ,兵,bīng,無,wú,者,zhě,兮,xī,象,xiàng,歙,xī,無,wú,不,bù,得,dé,道,dào,聞,wén,一,yī,至,zhì,身,shēn,若,ruò,有,yǒu,戶,hù,日,rì,無,wú,入,rù,之,zhī,始,shǐ,介,jiè,者,zhě,之,zhī,不,bù,治,zhì,悶,mèn,事,shì,國,guó,者,zhě,萬,wàn,為,wéi,易,yì,善,shàn,之,zhī,皆,jiē,士,shì,有,yǒu,易,yì,知,zhī,畏,wèi,敢,gǎn,畏,wèi,饑,jī,生,shēng,道,dào,柔,róu,怨,yuàn,寡,guǎ,不,bù
4,非,fēi,美,měi,使,shǐ,用,yòng,仁,rén,死,sǐ,久,jiǔ,水,shuǐ,之,zhī,抱,bào,共,gòng,目,mù,驚,jīng,見,jiàn,為,wéi,守,shǒu,知,zhī,有,yǒu,智,zhì,憂,yōu,容,róng,枉,wǎng,然,rán,立,lì,成,chéng,根,gēn,轍,zhé,守,shǒu,天下,tiān xià,人,rén,者,zhě,名,míng,智,zhì,其,qí,天,tiān,之,zhī,為,wéi,德,dé,一,yī,之,zhī,道,dào,一,yī,柔,róu,孰,shú,缺,quē,道,dào,知,zhī,益,yì,常,cháng,死,sǐ,德,dé,以,yǐ,然,rán,不,bù,厚,hòu,言,yán,國,guó,悶,mèn,天,tiān,若,ruò,下,xià,物,wù,事,shì,持,chí,為,wéi,所以,suǒ yǐ,謂,wèi,者,zhě,言,yán,知,zhī,上,shàng,威,wēi,則,zé,死,sǐ,以,yǐ,也,yě,其,qí,弱,ruò,必,bì,民,mín,美,měi
5,常,cháng,之,zhī,民,mín,之,zhī,以,yǐ,是,shì,天,tiān,水,shuǐ,不,bù,一,yī,一,yī,盲,máng,貴,guì,名,míng,道,dào,靜,jìng,有,yǒu,仁,rén,民,mín,唯,wéi,唯,wéi,則,zé,故,gù,跨,kuà,先,xiān,靜,jìng,跡,jì,其,qí,而,ér,主,zhǔ,不,bù,樸,pǔ,自,zì,可,kě,下,xià,必,bì,而,ér,是,shì,者,zhě,動,dòng,勤,qín,生,shēng,馳,chí,親,qīn,其,qí,卻,què,天,tiān,為,wéi,心,xīn,生,shēng,畜,chù,為,wéi,有,yǒu,拔,bá,比,bǐ,言,yán,以,yǐ,其,qí,莫,mò,烹,pēng,流,liú,之,zhī,無,wú,其,qí,道,dào,能,néng,我,wǒ,不,bù,吾,wú,甚,shèn,不,bù,則,zé,殺,shā,奈,nài,其,qí,柔,róu,猶,yóu,莫,mò,有,yǒu,使,shǐ,美,měi
6,道,dào,為,wéi,不,bù,或,huò,萬,wàn,謂,wèi,地,dì,善,shàn,如,rú,能,néng,轂,gǔ,五,wǔ,大,dà,曰,yuē,者,zhě,篤,dǔ,之,zhī,義,yì,利,lì,之,zhī,道,dào,直,zhí,飄,piāo,者,zhě,天,tiān,為,wéi,善,shàn,雌,cí,為,wéi,者,zhě,祥,xiáng,雖,suī,知,zhī,左右,zuǒ yòu,往,wǎng,固,gù,無,wú,以,yǐ,天,tiān,弱,ruò,而,ér,二,èr,騁,chěng,身,shēn,用,yòng,走,zǒu,下,xià,道,dào,以,yǐ,之,zhī,之,zhī,天,tiān,知,zhī,善,shàn,於,yú,者,zhě,奇,qí,民,mín,若,ruò,小,xiǎo,天,tiān,奧,ào,事,shì,未,wèi,者,zhě,為,wéi,道,dào,武,wǔ,不,bù,易,yì,知,zhī,大,dà,勇,yǒng,何,hé,上,shàng,弱,ruò,張,zhāng,過,guò,餘,yú,有,yǒu,言,yán
7,名,míng,美,měi,爭,zhēng,不,bù,物,wù,玄,xuán,所以,suǒ yǐ,利,lì,其,qí,無,wú,當,dāng,音,yīn,患,huàn,夷,yí,微,wēi,萬,wàn,其次,qí cì,智,zhì,百,bǎi,與,yǔ,是,shì,窪,wā,風,fēng,不,bù,地,dì,躁,zào,言,yán,為,wéi,之,zhī,不,bù,之,zhī,小,xiǎo,者,zhě,萬,wàn,往,wǎng,張,zhāng,不,bù,有,yǒu,得,dé,者,zhě,行,xíng,二,èr,天下,tiān xià,與,yǔ,不,bù,馬,mǎ,不,bù,日,rì,百,bǎi,徒,tú,物,wù,下,xià,行,xíng,抱,bào,赤,chì,不,bù,用,yòng,淳,chún,嗇,sè,鮮,xiǎn,下,xià,善,shàn,味,wèi,兆,zhào,非,fēi,百,bǎi,大,dà,善,shàn,敢,gǎn,行,xíng,知,zhī,威,wēi,於,yú,以,yǐ,食,shí,其,qí,弓,gōng,於,yú,怨,yuàn,什,shí,不,bù
8,可,kě,斯,sī,不,bù,盈,yíng,為,wéi,牝,pìn,能,néng,萬,wàn,已,yǐ,離,lí,其,qí,令人,lìng rén,若,ruò,聽,tīng,妙,miào,物,wù,親,qīn,慧,huì,倍,bèi,阿,ā,從,cóng,則,zé,不,bù,行,xíng,生,shēng,君,jūn,無,wú,天下,tiān xià,吾,wú,以,yǐ,器,qì,天,tiān,明,míng,物,wù,而,ér,之,zhī,為,wéi,德,dé,一,yī,道,dào,之,zhī,生,shēng,之,zhī,貨,huò,弊,bì,以,yǐ,闚,kuī,損,sǔn,姓,xìng,十,shí,形,xíng,母,mǔ,於,yú,者,zhě,子,zǐ,知,zhī,兵,bīng,淳,chún,夫,fū,以,yǐ,之,zhī,人,rén,無,wú,易,yì,以,yǐ,谷,gǔ,似,shì,戰,zhàn,為,wéi,天,tiān,病,bìng,至,zhì,不,bù,死,sǐ,稅,shuì,死,sǐ,也,yě,水,shuǐ,安,ān,伯,bǎi,信,xìn
9,名,míng,惡,è,貴,guì,淵,yuān,芻,chú,玄,xuán,長,cháng,物,wù,揣,chuǎi,乎,hū,無,wú,耳,ěr,身,shēn,之,zhī,玄,xuán,並,bìng,而,ér,出,chū,絕,jué,相,xiāng,道,dào,盈,yíng,終,zhōng,自,zì,寂,jì,是,shì,瑕,xiá,谿,xī,見,jiàn,兵,bīng,物,wù,下,xià,勝,shèng,恃,shì,不,bù,將,jiāng,侯,hóu,下,xià,以,yǐ,之,zhī,中,zhōng,三,sān,至,zhì,孰,shú,大,dà,糞,fèn,牖,yǒu,損,sǔn,心,xīn,有,yǒu,之,zhī,既,jì,大,dà,不,bù,毒,dú,塞,sè,以,yǐ,其,qí,唯,wéi,道,dào,交,jiāo,之,zhī,味,wèi,謀,móu,明,míng,王,wáng,不,bù,者,zhě,主,zhǔ,下,xià,夫,fū,無,wú,敢,gǎn,懼,jù,之,zhī,也,yě,高,gāo,而,ér,可以,kě yǐ,之,zhī,善,shàn
10,非,fēi,已,yǐ,難,nán,兮,xī,狗,gǒu,牝,pìn,且,qiě,而,ér,而,ér,專,zhuān,有,yǒu,聾,lóng,何,hé,不,bù,通,tōng,作,zuò,譽,yù,有,yǒu,仁,rén,去,qù,之,zhī,弊,bì,朝,zhāo,見,jiàn,兮,xī,以,yǐ,讁,zhé,為,wéi,其,qí,強,qiáng,或,huò,不,bù,人,rén,之,zhī,害,hài,欲,yù,王,wáng,德,dé,清,qīng,用,yòng,士,shì,三,sān,堅,jiān,多,duō,盈,yíng,天,tiān,見,jiàn,之,zhī,為,wéi,三,sān,勢,shì,得,dé,道,dào,脫,tuō,蟲,chóng,其,qí,無,wú,政,zhèng,嗇,sè,蒞,lì,天,tiān,寶,bǎo,圖,tú,其,qí,民,mín,者,zhě,肖,xiào,不,bù,而,ér,莫,mò,唯,wéi,狎,xiá,則,zé,之,zhī,多,duō,堅,jiān,者,zhě,攻,gōng,為,wéi,器,qì,者,zhě
11,常,cháng,皆,jiē,得,dé,似,sì,聖,shèng,之,zhī,久,jiǔ,不,bù,銳,ruì,氣,qì,車,chē,五,wǔ,謂,wèi,聞,wén,深,shēn,吾,wú,之,zhī,大,dà,棄,qì,幾,jī,物,wù,則,zé,驟,zhòu,者,zhě,寥,liáo,聖,shèng,善,shàn,天下,tiān xià,不得,bù dé,於,yú,惡,wù,敢,gǎn,者,zhě,以,yǐ,安,ān,弱,ruò,若,ruò,不,bù,地,dì,天,tiān,聞,wén,生,shēng,無,wú,得,dé,若,ruò,下,xià,天,tiān,又,yòu,心,xīn,死,sǐ,成,chéng,其,qí,惟,wéi,子,zǐ,不,bù,兌,duì,事,shì,察,chá,是,shì,天,tiān,下,xià,不,bù,難,nán,脆,cuì,將,jiāng,以,yǐ,夫,fū,怒,nù,為,wéi,能,néng,病,bìng,其,qí,活,huó,若,ruò,是,shì,強,qiáng,抑,yì,堅,jiān,善,shàn,而,ér,不,bù
12,名,míng,知,zhī,之,zhī,萬,wàn,人,rén,門,mén,者,zhě,爭,zhēng,之,zhī,致,zhì,之,zhī,味,wèi,寵,chǒng,名,míng,不可,bù kě,以,yǐ,其次,qí cì,偽,wěi,義,yì,何,hé,唯,wéi,新,xīn,雨,yǔ,不,bù,兮,xī,人,rén,數,shǔ,谿,xī,已,yǐ,天,tiān,之,zhī,臣,chén,有,yǒu,生,shēng,平,píng,之,zhī,能,néng,失,shī,得,dé,下,xià,道,dào,萬,wàn,有,yǒu,與,yǔ,沖,chōng,無,wú,道,dào,損,sǔn,善,shàn,之,zhī,之,zhī,母,mǔ,是,shì,孫,sūn,螫,shì,閉,bì,取,qǔ,察,chá,謂,wèi,下,xià,之,zhī,善,shàn,於,yú,易,yì,以,yǐ,其,qí,唯,wéi,善,shàn,客,kè,知,zhī,病,bìng,所,suǒ,此,cǐ,使,shǐ,以,yǐ,萬,wàn,之,zhī,強,qiáng,是,shì,不,bù,辯,biàn
13,無,wú,善,shàn,貨,huò,物,wù,不,bù,是,shì,以,yǐ,處,chǔ,不,bù,柔,róu,用,yòng,令,lìng,辱,rǔ,曰,yuē,識,shí,觀,guān,畏,wèi,六,liù,民,mín,相,xiāng,恍,huǎng,少,shǎo,不,bù,明,míng,獨,dú,終,zhōng,不用,bù yòng,常,cháng,天下,tiān xià,下,xià,故,gù,侯,hóu,力,lì,而,ér,大,dà,必,bì,守,shǒu,德,dé,一,yī,萬,wàn,若,ruò,物,wù,入,rù,亡,wáng,其,qí,道,dào,其,qí,之,zhī,者,zhě,徒,tú,是,shì,以,yǐ,畏,wèi,以,yǐ,猛,měng,其,qí,天,tiān,其,qí,早,zǎo,其,qí,牝,pìn,人,rén,其,qí,泮,pàn,愚,yú,善,shàn,大,dà,勝,shèng,不,bù,莫,mò,是,shì,居,jū,兩,liǎng,民,mín,饑,jī,物,wù,下,xià,者,zhě,以,yǐ,用,yòng,辯,biàn
14,名,míng,之,zhī,使,shǐ,之,zhī,仁,rén,謂,wèi,其,qí,眾,zhòng,可,kě,能,néng,埏,shān,人口,rén kǒu,若,ruò,希,xī,夫,fū,復,fù,之,zhī,親,qīn,復,fù,迎,yíng,唯,wéi,則,zé,終,zhōng,自,zì,立,lì,日,rì,籌,chóu,德,dé,神器,shén qì,其,qí,有,yǒu,王,wáng,自,zì,不,bù,樂,yuè,固,gù,之,zhī,是,shì,以,yǐ,物,wù,存,cún,萬,wàn,無,wú,孰,shú,用,yòng,戎,róng,出,chū,以,yǐ,吾,wú,十,shí,以,yǐ,知,zhī,大,dà,祭,jì,獸,shòu,門,mén,下,xià,民,mín,服,fú,鬼,guǐ,牝,pìn,之,zhī,易,yì,其,qí,之,zhī,下,xià,故,gù,敵,dí,敢,gǎn,能,néng,以,yǐ,無,wú,者,zhě,常,cháng,民,mín,草,cǎo,者,zhě,莫,mò,聖,shèng,使,shǐ,者,zhě
15,天地,tiān dì,為,wéi,民,mín,宗,zōng,以,yǐ,天,tiān,不,bù,人,rén,長,cháng,嬰,yīng,埴,zhí,爽,shuǎng,驚,jīng,搏,bó,唯,wéi,夫,fū,其次,qí cì,不,bù,孝,xiào,若,ruò,惚,hū,得,dé,日,rì,是,shì,而,ér,行,xíng,策,cè,不,bù,不,bù,事,shì,道,dào,若,ruò,勝,shèng,辭,cí,與,yǔ,強,qiáng,萬,wàn,以,yǐ,寧,níng,生,shēng,若,ruò,物,wù,間,jiān,病,bìng,不,bù,馬,mǎ,彌,mí,至,zhì,善,shàn,有,yǒu,萬,wàn,其,qí,道,dào,祀,sì,不,bù,挫,cuò,吾,wú,缺,quē,早,zǎo,不,bù,常,cháng,所,suǒ,為,wéi,微,wēi,民,mín,之,zhī,似,shì,者,zhě,進,jìn,行,xíng,不,bù,厭,yàn,或,huò,畏,wèi,之,zhī,木,mù,舉,jǔ,之,zhī,人,rén,民,mín,不,bù
16,之,zhī,善,shàn,不,bù,挫,cuò,百,bǎi,地,dì,自,zì,之,zhī,保,bǎo,兒,ér,以,yǐ,馳,chí,寵,chǒng,之,zhī,不可,bù kě,物,wù,侮,wǔ,和,hé,慈,cí,何,hé,惚,hū,多,duō,孰,shú,者,zhě,不,bù,不,bù,善,shàn,離,lí,可,kě,好,hào,者,zhě,能,néng,者,zhě,功,gōng,餌,ěr,之,zhī,物,wù,無,wú,神,shén,於,yú,亡,wáng,負,fù,吾,wú,甚,shèn,窮,qióng,生,shēng,遠,yuǎn,於,yú,之,zhī,三,sān,物,wù,子,zǐ,甚,shèn,不,bù,據,jù,其,qí,何,hé,缺,quē,服,fú,神,shén,以,yǐ,保,bǎo,大,dà,易,yì,之,zhī,故,gù,不,bù,不,bù,寸,cùn,言,yán,病,bìng,其,qí,利,lì,死,sǐ,難,nán,之,zhī,之,zhī,能,néng,執,zhí,重,zhòng,善,shàn
17,始,shǐ,斯,sī,為,wéi,其,qí,姓,xìng,根,gēn,生,shēng,所,suǒ,金,jīn,乎,hū,為,wéi,騁,chěng,為,wéi,不,bù,識,shí,芸,yún,之,zhī,有,yǒu,絕,jué,人,rén,兮,xī,則,zé,為,wéi,不,bù,改,gǎi,離,lí,閉,bì,復,fù,為,wéi,還,huán,不,bù,守,shǒu,強,qiáng,成,chéng,過,guò,將,jiāng,將,jiāng,德,dé,得,dé,有,yǒu,下,xià,陰,yīn,是,shì,愛,ài,大,dà,於,yú,其,qí,無,wú,不,bù,人,rén,莫,mò,既,jì,夷,yí,輟,chuò,攫,jué,銳,ruì,以,yǐ,禍,huò,謂,wèi,非,fēi,靜,jìng,美,měi,於,yú,散,sàn,難,nán,能,néng,肖,xiào,與,yǔ,而,ér,有,yǒu,聖,shèng,所,suǒ,或,huò,而,ér,治,zhì,生,shēng,有,yǒu,勝,shèng,左,zuǒ,死,sǐ,知,zhī
18,有,yǒu,不,bù,盜,dào,銳,ruì,為,wéi,綿,mián,故,gù,惡,wù,玉,yù,滌,dí,器,qì,田,tián,下,xià,得,dé,故,gù,芸,yún,信,xìn,孝,xiào,巧,qiǎo,之,zhī,其中,qí zhōng,惑,huò,此,cǐ,彰,zhāng,周,zhōu,輜,zī,無,wú,歸,guī,也,yě,師,shī,處,chǔ,之,zhī,知,zhī,而,ér,客,kè,欲,yù,自,zì,上,shàng,一,yī,有,yǒu,士,shì,而,ér,以,yǐ,必,bì,直,zhí,郊,jiāo,知,zhī,為,wéi,善,shàn,之,zhī,不,bù,知,zhī,而,ér,修,xiū,鳥,niǎo,解,jiě,知,zhī,兮,xī,之,zhī,其,qí,勝,shèng,言,yán,其,qí,為,wéi,治,zhì,為,wéi,若,ruò,善,shàn,退,tuì,宗,zōng,人,rén,生,shēng,害,hài,為,wéi,以,yǐ,也,yě,餘,yú,其,qí,契,qì,而,ér,者,zhě
19,名,míng,善,shàn,不,bù,解,jiě,芻,chú,綿,mián,能,néng,故,gù,滿,mǎn,除,chú,當,dāng,獵,liè,得,dé,名,míng,強,qiáng,各,gè,不足,bù zú,慈,cí,棄,qì,所,suǒ,有,yǒu,是,shì,者,zhě,自,zì,行,xíng,重,zhòng,關,guān,於,yú,為,wéi,之,zhī,君,jūn,萬,wàn,足,zú,不,bù,止,zhǐ,廢,fèi,化,huà,德,dé,以,yǐ,生,shēng,聞,wén,抱,bào,知,zhī,大,dà,若,ruò,禍,huò,彌,mí,無,wú,者,zhě,生,shēng,尊,zūn,其,qí,民,mín,之,zhī,不,bù,其,qí,其,qí,福,fú,重,zhòng,鬼,guǐ,牡,mǔ,可以,kě yǐ,細,xì,之,zhī,以,yǐ,百,bǎi,肖,xiào,用,yòng,尺,chǐ,事,shì,不,bù,夫,fū,天,tiān,奇,qí,其,qí,柔,róu,者,zhě,無,wú,而,ér,不,bù,不,bù
20,萬,wàn,已,yǐ,見,jiàn,其,qí,狗,gǒu,若,ruò,長,cháng,幾,jī,堂,táng,玄,xuán,其,qí,令人,lìng rén,之,zhī,曰,yuē,為,wéi,復,fù,焉,yān,國,guó,利,lì,畏,wèi,象,xiàng,以,yǐ,天,tiān,伐,fá,而,ér,雖,suī,楗,jiàn,嬰,yīng,者,zhě,所,suǒ,子,zǐ,物,wù,者,zhě,名,míng,故,gù,之,zhī,化,huà,無,wú,靈,líng,於,yú,道,dào,陽,yáng,無,wú,費,fèi,屈,qū,莫,mò,少,shǎo,為,wéi,吾,wú,動,dòng,道,dào,子,zǐ,好,hào,於,yú,搏,bó,紛,fēn,然,rán,之,zhī,積,jī,不,bù,以,yǐ,市,shì,天,tiān,於,yú,其,qí,谷,gǔ,久,jiǔ,人,rén,是,shì,有,yǒu,病,bìng,唯,wéi,之,zhī,者,zhě,上,shàng,脆,cuì,損,sǔn,以,yǐ,不,bù,遠,yuǎn,博,bó
21,物,wù,故,gù,可,kě,紛,fēn,天,tiān,存,cún,生,shēng,於,yú,莫,mò,覽,lǎn,無,wú,心,xīn,若,ruò,微,wēi,之,zhī,歸,guī,有,yǒu,家,jiā,盜,dào,亦,yì,恍,huǎng,聖,shèng,地,dì,者,zhě,不,bù,有,yǒu,不可,bù kě,兒,ér,敗,bài,處,chǔ,居,jū,將,jiāng,富,fù,衣,yī,道,dào,必,bì,而,ér,為,wéi,谷,gǔ,無,wú,大,dà,沖,chōng,為,wéi,多,duō,大,dà,大,dà,是,shì,而,ér,亦,yì,之,zhī,而,ér,復,fù,徑,jìng,身,shēn,骨,gǔ,和,hé,哉,zāi,所,suǒ,德,dé,神,shén,靜,jìng,尊,zūn,下,xià,未,wèi,智,zhì,王,wáng,矣,yǐ,者,zhě,謂,wèi,君,jūn,以,yǐ,不,bù,所,suǒ,吾,wú,有,yǒu,其,qí,之,zhī,易,yì,責,zé,徙,xǐ,博,bó
22,之,zhī,有,yǒu,欲,yù,和,hé,地,dì,用,yòng,是,shì,道,dào,之,zhī,能,néng,有,yǒu,發,fā,驚,jīng,此,cǐ,容,róng,其,qí,不,bù,昏,hūn,賊,zéi,不,bù,兮,xī,人,rén,天,tiān,無,wú,殆,dài,榮,róng,開,kāi,知,zhī,之,zhī,荊,jīng,則,zé,自,zì,強,qiáng,養,yǎng,之,zhī,固,gù,欲,yù,而,ér,得,dé,,,笑,xiào,氣,qì,之,zhī,藏,cáng,巧,qiǎo,於,yú,以,yǐ,無,wú,善,shàn,死,sǐ,貴,guì,守,shǒu,朝,chāo,其,qí,弱,ruò,其,qí,以,yǐ,倚,yǐ,重,zhòng,其,qí,為,wéi,行,xíng,難,nán,有,yǒu,多,duō,是,shì,其,qí,為,wéi,行,xíng,夫,fū,其,qí,厭,yàn,惡,wù,得,dé,為,wéi,死,sǐ,不,bù,之,zhī,於,yú,雖,suī,者,zhě
23,母,mǔ,無,wú,使,shǐ,其,qí,之,zhī,之,zhī,以,yǐ,居,jū,能,néng,無,wú,器,qì,狂,kuáng,失,shī,三,sān,豫,yù,根,gēn,信,xìn,亂,luàn,無,wú,可,kě,其中,qí zhōng,抱,bào,地,dì,功,gōng,可以,kě yǐ,觀,guān,善,shàn,其,qí,執,zhí,棘,jí,貴,guì,賓,bīn,行,xíng,萬,wàn,出,chū,興,xīng,作,zuò,無,wú,一,yī,,,之,zhī,以,yǐ,有,yǒu,必,bì,若,ruò,不,bù,聖,shèng,不,bù,之,zhī,地,dì,德,dé,其,qí,甚,shèn,德,dé,筋,jīn,光,guāng,此,cǐ,福,fú,積,jī,神,shén,下,xià,可以,kě yǐ,事,shì,治,zhì,故,gù,以,yǐ,細,xì,之,zhī,無,wú,唯,wéi,病,bìng,是,shì,孰,shú,執,zhí,是,shì,也,yě,足,zú,弱,ruò,人,rén,有,yǒu,不,bù
24,故,gù,相,xiāng,民,mín,光,guāng,間,jiān,不,bù,聖,shèng,善,shàn,守,shǒu,疵,cī,之,zhī,難,nán,之,zhī,者,zhě,兮,xī,歸,guī,焉,yān,有,yǒu,有,yǒu,不,bù,有,yǒu,一,yī,尚,shàng,自,zì,為,wéi,燕,yàn,結,jié,白,bái,者,zhě,生,shēng,左,zuǒ,天,tiān,者,zhě,物,wù,言,yán,之,zhī,吾,wú,以,yǐ,以,yǐ,,,不,bù,為,wéi,之,zhī,厚,hòu,拙,zhuō,知,zhī,人,rén,為,wéi,德,dé,十,shí,道,dào,母,mǔ,除,chú,乃,nǎi,柔,róu,同,tóng,天,tiān,兮,xī,德,dé,不,bù,故,gù,加,jiā,必,bì,之,zhī,以,yǐ,聖,shèng,也,yě,下,xià,行,xíng,無,wú,病,bìng,以,yǐ,知,zhī,而,ér,以,yǐ,枯,kū,者,zhě,之,zhī,有,yǒu,舟,zhōu,知,zhī
25,常,cháng,生,shēng,心,xīn,同,tóng,其,qí,勤,qín,人,rén,地,dì,富,fù,乎,hū,用,yòng,得,dé,若,ruò,不可,bù kě,若,ruò,根,gēn,悠,yōu,忠,zhōng,此,cǐ,畏,wèi,物,wù,為,wéi,不能,bù néng,矜,jīn,天,tiān,處,chǔ,無,wú,守,shǒu,失,shī,焉,yān,用,yòng,地,dì,有,yǒu,而,ér,淡,dàn,將,jiāng,將,jiāng,為,wéi,盈,yíng,,,笑,xiào,和,hé,益,yì,亡,wáng,大,dà,足,zú,不,bù,取,qǔ,善,shàn,有,yǒu,之,zhī,沒,mò,田,tián,真,zhēn,而,ér,其,qí,下,xià,禍,huò,則,zé,傷,shāng,大,dà,人,rén,作,zuò,於,yú,智,zhì,人,rén,夫,fū,是,shì,攘,rǎng,知,zhī,是,shì,不,bù,其,qí,殺,shā,難,nán,槁,gǎo,補,bǔ,勝,shèng,德,dé,輿,yú,聖,shèng
26,無,wú,難,nán,不,bù,其,qí,猶,yóu,,,後,hòu,心,xīn,貴,guì,愛,ài,鑿,záo,之,zhī,驚,jīng,致,zhì,冬,dōng,曰,yuē,兮,xī,臣,chén,三,sān,荒,huāng,窈,yǎo,天下,tiān xià,久,jiǔ,者,zhě,地,dì,超,chāo,繩,shéng,其,qí,之,zhī,大,dà,兵,bīng,相,xiāng,志,zhì,不,bù,乎,hū,欲,yù,鎮,zhèn,下,xià,萬,wàn,,,不足,bù zú,人,rén,不,bù,知,zhī,辯,biàn,咎,jiù,行,xíng,天,tiān,信,xìn,三,sān,尊,zūn,身,shēn,甚,shèn,修,xiū,握,wò,塵,chén,多,duō,之,zhī,無,wú,人,rén,國,guó,人,rén,於,yú,未,wèi,治,zhì,欲,yù,我,wǒ,謂,wèi,無,wú,是,shì,以,yǐ,厭,yàn,故,gù,之,zhī,治,zhì,故,gù,之,zhī,強,qiáng,司,sī,無,wú,人,rén
27,欲,yù,易,yì,亂,luàn,塵,chén,橐,tuó,,,其,qí,善,shàn,而,ér,民,mín,戶,hù,貨,huò,是,shì,詰,jié,涉,shè,靜,jìng,其,qí,,,言,yán,兮,xī,兮,xī,式,shì,而,ér,不,bù,母,mǔ,然,rán,約,yuē,黑,hēi,故,gù,軍,jūn,則,zé,合,hé,不,bù,為,wéi,其,qí,奪,duó,之,zhī,德,dé,物,wù,,,以,yǐ,之,zhī,言,yán,足,zú,若,ruò,莫,mò,而,ér,下,xià,者,zhě,夫,fū,德,dé,不,bù,蕪,wú,之,zhī,固,gù,是,shì,忌,jì,所,suǒ,不,bù,非,fēi,以,yǐ,之,zhī,易,yì,亂,luàn,國,guó,上,shàng,有,yǒu,不,bù,臂,bì,以,yǐ,不,bù,是,shì,是,shì,孰,shú,民,mín,堅,jiān,天,tiān,柔,róu,契,qì,所,suǒ,不,bù
28,以,yǐ,相,xiāng,是,shì,湛,zhàn,籥,yuè,,,身,shēn,淵,yuān,驕,jiāo,治,zhì,牖,yǒu,令人,lìng rén,謂,wèi,故,gù,川,chuān,靜,jìng,貴,guì,,,以,yǐ,其,qí,其中,qí zhōng,不,bù,況,kuàng,長,cháng,吾,wú,若,ruò,不可,bù kě,為,wéi,物,wù,之,zhī,貴,guì,以,yǐ,失,shī,主,zhǔ,無,wú,之,zhī,以,yǐ,為,wéi,得,dé,,,為,wéi,所,suǒ,之,zhī,不,bù,訥,nè,大,dà,知,zhī,常,cháng,吾,wú,何,hé,之,zhī,殆,dài,倉,cāng,於,yú,未知,wèi zhī,謂,wèi,諱,huì,伏,fú,克,kè,其,qí,下,xià,不,bù,天,tiān,合,hé,國,guó,民,mín,三,sān,爭,zhēng,執,zhí,不,bù,病,bìng,以,yǐ,以,yǐ,敢,gǎn,之,zhī,強,qiáng,之,zhī,之,zhī,無,wú,乘,chéng,積,jī
29,觀,guān,成,chéng,以,yǐ,兮,xī,虛,xū,,,而,ér,與,yǔ,自,zì,國,guó,以,yǐ,行,xíng,寵,chǒng,混,hùn,猶,yóu,曰,yuē,言,yán,,,為,wéi,未,wèi,有,yǒu,自,zì,於,yú,其,qí,不,bù,將,jiāng,解,jiě,天下,tiān xià,或,huò,後,hòu,右,yòu,降,jiàng,其,qí,常,cháng,味,wèi,必,bì,無,wú,之,zhī,一,yī,,,道,dào,惡,wù,教,jiào,辱,rǔ,躁,zào,於,yú,不,bù,以,yǐ,信,xìn,故,gù,貴,guì,塞,sè,甚,shèn,家,jiā,牝,pìn,玄,xuán,而,ér,孰,shú,無,wú,神,shén,小,xiǎo,善,shàn,下,xià,抱,bào,之,zhī,必,bì,寶,bǎo,之,zhī,無,wú,我,wǒ,,,聖,shèng,聖,shèng,常,cháng,輕,qīng,者,zhě,道,dào,勝,shèng,德,dé,之,zhī,既,jì
30,其,qí,長,cháng,聖,shèng,似,sì,而,ér,,,身,shēn,善,shàn,遺,yí,能,néng,為,wéi,妨,fáng,辱,rǔ,而,ér,兮,xī,復,fù,功,gōng,,,文,wén,央,yāng,精,jīng,見,jiàn,人,rén,在,zài,知,zhī,失,shī,是,shì,式,shì,行,xíng,必,bì,兵,bīng,甘,gān,所,suǒ,無,wú,視,shì,固,gù,名,míng,而,ér,以,yǐ,,,故,gù,唯,wéi,無,wú,知,zhī,勝,shèng,欲,yù,見,jiàn,無,wú,之,zhī,以,yǐ,夫,fū,其,qí,虛,xū,其,qí,牡,mǔ,同,tóng,民,mín,知,zhī,不,bù,不,bù,國,guó,何,hé,大,dà,之,zhī,賊,zéi,以,yǐ,持,chí,德,dé,兵,bīng,知,zhī,,,人,rén,人,rén,有,yǒu,死,sǐ,死,sǐ,損,sǔn,剛,gāng,司,sī,雖,suī,以,yǐ
31,妙,miào,短,duǎn,人,rén,或,huò,不,bù,,,先,xiān,仁,rén,咎,jiù,無,wú,室,shì,是,shì,若,ruò,為,wéi,若,ruò,復,fù,成,chéng,,,不足,bù zú,衆,zhòng,其,qí,故,gù,乎,hū,道,dào,其,qí,之,zhī,以,yǐ,為,wéi,或,huò,有,yǒu,者,zhě,露,lù,者,zhě,欲,yù,之,zhī,與,yǔ,之,zhī,有,yǒu,生,shēng,,,建,jiàn,孤,gū,為,wéi,止,zhǐ,寒,hán,得,dé,而,ér,事,shì,不,bù,其,qí,莫,mò,兌,duì,服,fú,德,dé,之,zhī,故,gù,彌,mí,其,qí,克,kè,傷,shāng,則,zé,棄,qì,事,shì,木,mù,不,bù,言,yán,而,ér,是,shì,扔,rēng,者,zhě,,,自,zì,猶,yóu,司,sī,以,yǐ,之,zhī,有,yǒu,天,tiān,徹,chè,有,yǒu,為,wéi
32,常,cháng,相,xiāng,之,zhī,存,cún,屈,qū,,,外,wài,言,yán,功,gōng,知,zhī,當,dāng,以,yǐ,驚,jīng,一,yī,畏,wèi,曰,yuē,事,shì,,,故,gù,人,rén,精,jīng,明,míng,故,gù,也,yě,名,míng,安,ān,聖,shèng,天下,tiān xià,隨,suí,凶,xiōng,不,bù,民,mín,久,jiǔ,可,kě,不足,bù zú,之,zhī,樸,pǔ,以,yǐ,侯,hóu,,,言,yán,寡,guǎ,之,zhī,不,bù,靜,jìng,故,gù,名,míng,及,jí,信,xìn,生,shēng,之,zhī,閉,bì,文,wén,乃,nǎi,合,hé,不可,bù kě,貧,pín,極,jí,則,zé,人,rén,取,qǔ,之,zhī,必,bì,生,shēng,以,yǐ,下,xià,保,bǎo,謂,wèi,無,wú,希,xī,,,知,zhī,難,nán,殺,shā,其,qí,徒,tú,餘,yú,下,xià,天,tiān,甲,jiǎ,人,rén
33,有,yǒu,形,xíng,治,zhì,吾,wú,動,dòng,,,其,qí,善,shàn,遂,suì,乎,hū,其,qí,聖,shèng,何,hé,其,qí,四,sì,命,mìng,遂,suì,,,令,lìng,熙,xī,甚,shèn,不,bù,從,cóng,曰,yuē,字,zì,君,jūn,人,rén,式,shì,或,huò,年,nián,祥,xiáng,莫,mò,死,sǐ,名,míng,見,jiàn,是,shì,夫,fū,為,wéi,王,wáng,,,有,yǒu,不,bù,益,yì,殆,dài,勝,shèng,知,zhī,不,bù,其,qí,者,zhě,生,shēng,命,mìng,其,qí,綵,cǎi,餘,yú,而,ér,得,dé,人,rén,其,qí,莫,mò,聖,shèng,小,xiǎo,故,gù,作,zuò,於,yú,智,zhì,之,zhī,之,zhī,用,yòng,敵,dí,貴,guì,,,不,bù,之,zhī,者,zhě,求,qiú,柔,róu,而,ér,莫,mò,道,dào,兵,bīng,己,jǐ
34,欲,yù,高,gāo,也,yě,不,bù,而,ér,,,身,shēn,信,xìn,身,shēn,天,tiān,無,wú,人,rén,謂,wèi,上,shàng,鄰,lín,知,zhī,百,bǎi,,,有所,yǒu suǒ,熙,xī,真,zhēn,自,zì,事,shì,餘,yú,之,zhī,之,zhī,常,cháng,常,cháng,歔,xū,善,shàn,之,zhī,之,zhī,而,ér,於,yú,聽,tīng,謂,wèi,亦,yì,上,shàng,得,dé,,,之,zhī,穀,gǔ,天下,tiān xià,可以,kě yǐ,熱,rè,足,zú,為,wéi,有,yǒu,吾,wú,之,zhī,常,cháng,門,mén,帶,dài,修,xiū,全,quán,而,ér,多,duō,無,wú,知,zhī,人,rén,國,guó,立,lì,於,yú,毫,háo,治,zhì,欲,yù,一,yī,人,rén,禍,huò,我,wǒ,,,自,zì,天,tiān,夫,fū,生,shēng,弱,ruò,補,bǔ,不,bù,無,wú,無,wú,愈,yù
35,以,yǐ,下,xià,虛,xū,知,zhī,愈,yù,,,而,ér,正,zhèng,退,tuì,門,mén,有,yǒu,為,wéi,貴,guì,不,bù,儼,yǎn,命,mìng,姓,xìng,,,屬,zhǔ,如,ruò,其中,qí zhōng,是,shì,於,yú,食,shí,曰,yuē,主,zhǔ,善,shàn,德,dé,或,huò,者,zhě,器,qì,令,lìng,不,bù,小,xiǎo,之,zhī,微,wēi,將,jiāng,仁,rén,一,yī,,,明,míng,而,ér,希,xī,長,cháng,清,qīng,之,zhī,而,ér,事,shì,亦,yì,厚,hòu,自,zì,終,zhōng,利,lì,之,zhī,作,zuò,親,qīn,利,lì,正,zhèng,其,qí,亦,yì,小,xiǎo,天,tiān,細,xì,末,mò,國,guó,先,xiān,曰,yuē,之,zhī,莫,mò,珍,zhēn,,,見,jiàn,之,zhī,代,dài,之,zhī,者,zhě,不,bù,知,zhī,親,qīn,所,suǒ,有,yǒu
36,觀,guān,相,xiāng,其,qí,誰,shuí,出,chū,,,身,shēn,善,shàn,天,tiān,開,kāi,室,shì,腹,fù,大,dà,皦,jiǎo,兮,xī,曰,yuē,皆,jiē,,,見,jiàn,享,xiǎng,有,yǒu,故,gù,道,dào,贅,zhuì,道,dào,自,zì,救,jiù,不,bù,吹,chuī,果,guǒ,非,fēi,而,ér,亡,wáng,萬,wàn,不足,bù zú,明,míng,知,zhī,為,wéi,以,yǐ,,,道,dào,王,wáng,及,jí,久,jiǔ,靜,jìng,足,zú,成,chéng,不足,bù zú,信,xìn,蓋,gài,然,rán,身,shēn,劍,jiàn,於,yú,精,jīng,不可,bù kě,器,qì,正,zhèng,極,jí,不,bù,國,guó,子,zǐ,是,shì,九,jiǔ,國,guó,民,mín,慈,cí,力,lì,大,dà,是,shì,,,自,zì,道,dào,司,sī,厚,hòu,生,shēng,足,zú,莫,mò,常,cháng,陳,chén,既,jì
37,其,qí,傾,qīng,心,xīn,之,zhī,多,duō,,,存,cún,治,zhì,之,zhī,闔,hé,之,zhī,不,bù,患,huàn,其,qí,其,qí,明,míng,謂,wèi,,,素,sù,太,tài,信,xìn,彰,zhāng,者,zhě,行,xíng,強,qiǎng,以,yǐ,人,rén,忒,tè,或,huò,而,ér,君,jūn,自,zì,者,zhě,物,wù,聞,wén,柔,róu,止,zhǐ,之,zhī,為,wéi,,,若,ruò,公,gōng,之,zhī,,,為,wéi,常,cháng,,,以,yǐ,之,zhī,聞,wén,故,gù,不,bù,厭,yàn,鄉,xiāng,之,zhī,得,dé,國,guó,復,fù,莫,mò,傷,shāng,以,yǐ,置,zhì,以,yǐ,層,céng,之,zhī,必,bì,二,èr,是,shì,於,yú,以,yǐ,,,愛,ài,不,bù,殺,shā,是,shì,之,zhī,人,rén,能,néng,與,yǔ,之,zhī,以,yǐ
38,徼,jiào,音,yīn,實,shí,子,zǐ,言,yán,,,非,fēi,事,shì,道,dào,能,néng,用,yòng,為,wéi,若,ruò,下,xià,若,ruò,不,bù,我,wǒ,,,抱,bào,牢,láo,自,zì,不,bù,同,tóng,物,wù,為,wéi,輕,qīng,故,gù,復,fù,強,qiáng,已,yǐ,子,zǐ,均,jūn,壽,shòu,歸,guī,用,yòng,弱,ruò,知,zhī,而,ér,天下,tiān xià,,,昧,mèi,以,yǐ,,,,,天,tiān,足,zú,,,取,qǔ,德,dé,善,shàn,道,dào,勤,qín,飲,yǐn,其,qí,至,zhì,而,ér,家,jiā,為,wéi,知,zhī,人,rén,下,xià,三,sān,聖,shèng,之,zhī,福,fú,以,yǐ,曰,yuē,謂,wèi,輕,qīng,聖,shèng,,,不,bù,爭,zhēng,者,zhě,以,yǐ,徒,tú,之,zhī,行,xíng,善,shàn,使,shǐ,與,yǔ
39,此,cǐ,聲,shēng,其,qí,象,xiàng,數,shù,,,以,yǐ,善,shàn,,,為,wéi,故,gù,目,mù,身,shēn,不,bù,客,kè,知,zhī,自然,zì rán,,,樸,pǔ,如,ruò,古,gǔ,自,zì,於,yú,或,huò,之,zhī,天下,tiān xià,無,wú,歸,guī,或,huò,不,bù,之,zhī,始,shǐ,,,焉,yān,之,zhī,勝,shèng,止,zhǐ,無,wú,貞,zhēn,,,進,jìn,為,wéi,,,,,下,xià,,,,,天,tiān,信,xìn,攝,shè,生,shēng,開,kāi,食,shí,德,dé,也,yě,疏,shū,滋,zī,奇,qí,其,qí,夫,fū,大,dà,公,gōng,人,rén,臺,tái,知,zhī,身,shēn,儉,jiǎn,配,pèi,敵,dí,人,rén,,,自,zì,而,ér,殺,shā,輕,qīng,是,shì,道,dào,是,shì,人,rén,民,mín,人,rén
40,兩,liǎng,相,xiāng,腹,fù,帝,dì,窮,qióng,,,其,qí,能,néng,,,雌,cí,有,yǒu,故,gù,吾,wú,昧,mèi,渙,huàn,命,mìng,,,,,少,shǎo,登,dēng,及,jí,伐,fá,道,dào,惡,wù,名,míng,輕,qīng,棄,qì,於,yú,羸,léi,敢,gǎn,器,qì,制,zhì,,,而,ér,不足,bù zú,剛,gāng,可以,kě yǐ,以,yǐ,其,qí,,,道,dào,稱,chēng,,,,,正,zhèng,,,,,下,xià,聖,shèng,生,shēng,之,zhī,其,qí,財,cái,乃,nǎi,終,zhōng,不可,bù kě,昏,hūn,善,shàn,極,jí,兩,liǎng,國,guó,雖,suī,終,zhōng,起,qǐ,此,cǐ,後,hòu,三,sān,天,tiān,輕,qīng,被,pī,,,貴,guì,善,shàn,是,shì,死,sǐ,以,yǐ,則,zé,以,yǐ,,,復,fù,己,jǐ
41,者,zhě,和,hé,弱,ruò,之,zhī,不,bù,,,無,wú,動,dòng,,,乎,hū,之,zhī,去,qù,所以,suǒ yǐ,繩,shéng,兮,xī,妄,wàng,,,,,私,sī,春,chūn,今,jīn,故,gù,德,dé,之,zhī,曰,yuē,則,zé,人,rén,無,wú,或,huò,以,yǐ,不得,bù dé,有,yǒu,,,不,bù,既,jì,魚,yú,不,bù,為,wéi,致,zhì,,,若,ruò,故,gù,,,,,,,,,,,,,人,rén,者,zhě,德,dé,兌,duì,貨,huò,長,cháng,日,rì,得,dé,人,rén,復,fù,可以,kě yǐ,不,bù,則,zé,有,yǒu,不,bù,於,yú,兩,liǎng,之,zhī,曰,yuē,古,gǔ,敵,dí,褐,hè,,,故,gù,勝,shèng,謂,wèi,夫,fū,兵,bīng,不,bù,聖,shèng,,,結,jié,愈,yù
42,同,tóng,前,qián,其,qí,先,xiān,如,rú,,,私,sī,善,shàn,,,明,míng,以,yǐ,彼,bǐ,有,yǒu,繩,shéng,若,ruò,作,zuò,,,,,寡,guǎ,臺,tái,其,qí,有,yǒu,者,zhě,故,gù,大,dà,失,shī,常,cháng,極,jí,載,zài,取,qǔ,已,yǐ,名,míng,,,為,wéi,,,不可,bù kě,殆,dài,上,shàng,之,zhī,,,退,tuì,物,wù,,,,,,,,,,,,,在,zài,陸,lù,畜,chù,濟,jì,有,yǒu,修,xiū,號,hào,而,ér,多,duō,為,wéi,有,yǒu,相,xiāng,取,qǔ,拱,gǒng,為,wéi,累,lěi,者,zhě,是,shì,不,bù,之,zhī,幾,jī,懷,huái,,,去,qù,不,bù,代,dài,唯,wéi,強,qiáng,然,rán,人,rén,,,繩,shéng,多,duō
43,出,chū,後,hòu,志,zhì,,,守,shǒu,,,邪,yé,時,shí,,,白,bái,為,wéi,取,qǔ,大,dà,不可,bù kě,冰,bīng,知,zhī,,,,,欲,yù,我,wǒ,名,míng,功,gōng,同,tóng,有,yǒu,大,dà,臣,chén,善,shàn,知,zhī,或,huò,強,qiáng,而,ér,名,míng,,,主,zhǔ,,,脫,tuō,譬,pì,義,yì,也,yě,,,夷,yí,或,huò,,,,,,,,,,,,,天,tiān,行,xíng,之,zhī,其,qí,餘,yú,之,zhī,而,ér,利,lì,知,zhī,妖,yāo,國,guó,傷,shāng,大,dà,璧,bì,大,dà,土,tǔ,亦,yì,以,yǐ,敢,gǎn,極,jí,喪,sàng,玉,yù,,,彼,bǐ,言,yán,大,dà,無,wú,則,zé,損,sǔn,云,yún,,,而,ér,天,tiān
44,而,ér,相,xiāng,強,qiáng,,,中,zhōng,,,故,gù,夫,fū,,,四,sì,利,lì,此,cǐ,患,huàn,名,míng,之,zhī,命,mìng,,,,,,,獨,dú,不,bù,不,bù,於,yú,道,dào,曰,yuē,躁,zào,救,jiù,其,qí,隳,huī,果,guǒ,用,yòng,亦,yì,,,可,kě,,,於,yú,道,dào,為,wéi,天,tiān,,,道,dào,損,sǔn,,,,,,,,,,,,,下,xià,不,bù,長,zhǎng,事,shì,是,shì,於,yú,不,bù,不可,bù kě,巧,qiǎo,人,rén,有,yǒu,故,gù,國,guó,以,yǐ,故,gù,千,qiān,稽,qǐ,聖,shèng,為,wéi,,,吾,wú,,,,,取,qǔ,而,ér,匠,jiàng,以,yǐ,不,bù,不,bù,受,shòu,,,用,yòng,之,zhī
45,異,yì,隨,suí,其,qí,,,,,,,能,néng,唯,wéi,,,達,dá,無,wú,,,者,zhě,復,fù,將,jiāng,不,bù,,,,,,,泊,bó,去,qù,自,zì,德,dé,者,zhě,逝,shì,則,zé,物,wù,榮,róng,是,shì,而,ér,之,zhī,既,jì,,,名,míng,,,淵,yuān,之,zhī,之,zhī,無,wú,,,若,ruò,之,zhī,,,,,,,,,,,,,歙,xī,遇,yù,之,zhī,終,zhōng,謂,wèi,國,guó,嗄,shà,得,dé,奇,qí,之,zhī,國,guó,德,dé,故,gù,先,xiān,能,néng,里,lǐ,式,shì,人,rén,天,tiān,,,寶,bǎo,,,,,此,cǐ,善,shàn,斲,zhuó,生,shēng,勝,shèng,足,zú,國,guó,,,之,zhī,道,dào
46,名,míng,是,shì,骨,gǔ,,,,,,,成,chéng,不,bù,,,能,néng,之,zhī,,,為,wèi,歸,guī,釋,shì,殆,dài,,,,,,,兮,xī,以,yǐ,矜,jīn,失,shī,不,bù,逝,shì,失,shī,故,gù,守,shǒu,以,yǐ,勿,wù,恬,tián,有,yǒu,,,於,yú,,,國,guó,在,zài,而,ér,以,yǐ,,,纇,lèi,而,ér,,,,,,,,,,,,,歙,xī,兕,sì,育,yù,身,shēn,盜,dào,其,qí,和,hé,而,ér,物,wù,迷,mí,之,zhī,交,jiāo,或,huò,駟,sì,成,chéng,之,zhī,常,cháng,處,chǔ,下,xià,,,故,gù,,,,,,,應,yìng,夫,fū,為,wéi,木,mù,以,yǐ,之,zhī,,,甘,gān,利,lì
47,同,tóng,以,yǐ,常,cháng,,,,,,,其,qí,爭,zhēng,,,無,wú,以,yǐ,,,吾,wú,於,yú,敦,dūn,知,zhī,,,,,,,未,wèi,閱,yuè,故,gù,者,zhě,處,chǔ,曰,yuē,君,jūn,無,wú,其,qí,聖,shèng,矜,jīn,淡,dàn,夫,fū,,,大,dà,,,之,zhī,天,tiān,有,yǒu,清,qīng,,,上,shàng,益,yì,,,,,,,,,,,,,焉,yān,虎,hǔ,之,zhī,不,bù,夸,kuā,德,dé,之,zhī,害,hài,滋,zī,其,qí,母,mǔ,歸,guī,下,xià,馬,mǎ,其,qí,行,xíng,知,zhī,上,shàng,先,xiān,,,抗,kàng,,,,,,,不,bù,代,dài,者,zhě,強,qiáng,奉,fèng,垢,gòu,,,其,qí,而,ér
48,謂,wèi,聖,shèng,使,shǐ,,,,,,,私,sī,故,gù,,,知,zhī,為,wéi,,,有,yǒu,無,wú,兮,xī,常,cháng,,,,,,,兆,zhào,眾,zhòng,長,cháng,同,tóng,,,遠,yuǎn,,,棄,qì,辱,rǔ,人,rén,果,guǒ,為,wéi,亦,yì,,,是,shì,,,利,lì,下,xià,以,yǐ,將,jiāng,,,德,dé,或,huò,,,,,,,,,,,,,為,wéi,入,rù,亭,tíng,救,jiù,非,fēi,乃,nǎi,至,zhì,不可,bù kě,起,qǐ,日,rì,可以,kě yǐ,焉,yān,以,yǐ,不,bù,大,dà,始,shǐ,稽,qǐ,而,ér,慈,cí,,,兵,bīng,,,,,,,召,zhào,大,dà,是,shì,則,zé,有,yǒu,是,shì,,,食,shí,不,bù
49,之,zhī,人,rén,民,mín,,,,,,,,,無,wú,,,乎,hū,用,yòng,,,身,shēn,物,wù,其,qí,容,róng,,,,,,,若,ruò,甫,fǔ,夫,fū,於,yú,,,遠,yuǎn,,,物,wù,為,wéi,去,qù,而,ér,上,shàng,將,jiāng,,,以,yǐ,,,器,qì,猶,yóu,為,wéi,恐,kǒng,,,若,ruò,益,yì,,,,,,,,,,,,,天,tiān,軍,jūn,之,zhī,見,jiàn,道,dào,豐,fēng,也,yě,得,dé,法,fǎ,固,gù,長,cháng,,,取,qǔ,如,rú,夫,fū,於,yú,式,shì,民,mín,故,gù,,,相,xiāng,,,,,,,而,ér,匠,jiàng,賢,xián,共,gòng,餘,yú,謂,wèi,,,美,měi,害,hài
50,玄,xuán,處,chǔ,無,wú,,,,,,,,,尤,yóu,,,生,shēng,,,,,及,jí,是,shì,若,ruò,容,róng,,,,,,,嬰,yīng,吾,wú,唯,wéi,失,shī,,,曰,yuē,,,是,shì,天下,tiān xià,甚,shèn,勿,wù,勝,shèng,知,zhī,,,聖,shèng,,,不,bù,川,chuān,上,shàng,裂,liè,,,谷,gǔ,之,zhī,,,,,,,,,,,,,下,xià,不,bù,毒,dú,小,xiǎo,也,yě,修,xiū,知,zhī,而,ér,令,lìng,久,jiǔ,久,jiǔ,,,或,huò,坐,zuò,輕,qīng,足,zú,是,shì,不,bù,能,néng,,,加,jiā,,,,,,,自,zì,斲,zhuó,於,yú,折,zhé,孰,shú,社,shè,,,其,qí,聖,shèng
51,玄,xuán,無,wú,知,zhī,,,,,,,,,,,,,之,zhī,,,,,吾,wú,謂,wèi,樸,pǔ,乃,nǎi,,,,,,,兒,ér,何,hé,不,bù,同,tóng,,,反,fǎn,,,謂,wèi,谷,gǔ,去,qù,伐,fá,而,ér,止,zhǐ,,,人,rén,,,可以,kě yǐ,谷,gǔ,禮,lǐ,地,dì,,,大,dà,而,ér,,,,,,,,,,,,,渾,hún,被,pī,之,zhī,曰,yuē,,,之,zhī,和,hé,貴,guì,滋,zī,是,shì,是,shì,,,下,xià,進,jìn,諾,nuò,下,xià,謂,wèi,重,zhòng,勇,yǒng,,,哀,āi,,,,,,,來,lái,者,zhě,貴,guì,,,能,néng,稷,jì,,,服,fú,人,rén
52,之,zhī,為,wéi,無,wú,,,,,,,,,,,,,畜,xù,,,,,無,wú,無,wú,曠,kuàng,公,gōng,,,,,,,之,zhī,以,yǐ,爭,zhēng,於,yú,,,故,gù,,,襲,xí,為,wéi,奢,shē,果,guǒ,不,bù,知,zhī,,,終,zhōng,,,示,shì,之,zhī,為,wéi,無,wú,,,白,bái,損,sǔn,,,,,,,,,,,,,其,qí,甲,jiǎ,養,yǎng,明,míng,,,於,yú,曰,yuē,不可,bù kě,彰,zhāng,以,yǐ,謂,wèi,,,而,ér,此,cǐ,必,bì,為,wéi,玄,xuán,處,chǔ,儉,jiǎn,,,者,zhě,,,,,,,繟,chǎn,希,xī,生,shēng,,,有,yǒu,主,zhǔ,,,安,ān,之,zhī
53,又,yòu,之,zhī,欲,yù,,,,,,,,,,,,,之,zhī,,,,,身,shēn,狀,zhuàng,兮,xī,公,gōng,,,,,,,未,wèi,知,zhī,故,gù,道,dào,,,道,dào,,,明,míng,天下,tiān xià,去,qù,而,ér,美,měi,止,zhǐ,,,不,bù,,,人,rén,與,yǔ,之,zhī,以,yǐ,,,若,ruò,人,rén,,,,,,,,,,,,,心,xīn,兵,bīng,之,zhī,守,shǒu,,,天,tiān,常,cháng,得,dé,盜,dào,聖,shèng,深,shēn,,,取,qǔ,道,dào,寡,guǎ,者,zhě,德,dé,前,qián,故,gù,,,勝,shèng,,,,,,,然而,rán ér,有,yǒu,,,,,餘,yú,受,shòu,,,其,qí,道,dào
54,玄,xuán,事,shì,使,shǐ,,,,,,,,,,,,,生,shēng,,,,,吾,wú,之,zhī,其,qí,乃,nǎi,,,,,,,孩,hái,眾,zhòng,天下,tiān xià,者,zhě,,,大,dà,,,故,gù,谷,gǔ,泰,tài,勿,wù,而,ér,所以,suǒ yǐ,,,為,wéi,,,,,江,jiāng,而,ér,寧,níng,,,辱,rǔ,之,zhī,,,,,,,,,,,,,百,bǎi,兕,sì,覆,fù,柔,róu,,,下,xià,知,zhī,而,ér,賊,zéi,人,rén,根,gēn,,,大,dà,古,gǔ,信,xìn,敗,bài,玄,xuán,而,ér,能,néng,,,,,,,,,,,善,shàn,不,bù,,,,,以,yǐ,國,guó,,,居,jū,為,wéi
55,眾,zhòng,行,xíng,夫,fū,,,,,,,,,,,,,而,ér,,,,,有,yǒu,狀,zhuàng,若,ruò,王,wáng,,,,,,,儽,léi,甫,fǔ,莫,mò,道,dào,,,天,tiān,,,善,shàn,常,cháng,,,驕,jiāo,美,měi,不,bù,,,大,dà,,,,,海,hǎi,莫,mò,將,jiāng,,,廣,guǎng,所,suǒ,,,,,,,,,,,,,姓,xìng,無,wú,之,zhī,曰,yuē,,,其,qí,常,cháng,賤,jiàn,多,duō,方,fāng,固,gù,,,國,guó,之,zhī,多,duō,之,zhī,德,dé,民,mín,廣,guǎng,,,,,,,,,,,謀,móu,傷,shāng,,,,,奉,fèng,之,zhī,,,樂,lè,而,ér
56,妙,miào,不,bù,智,zhì,,,,,,,,,,,,,不,bù,,,,,何,hé,無,wú,谷,gǔ,王,wáng,,,,,,,儽,léi,之,zhī,能,néng,亦,yì,,,大,dà,,,人,rén,德,dé,,,果,guǒ,之,zhī,殆,dài,,,故,gù,,,,,,,之,zhī,恐,kǒng,,,德,dé,教,jiào,,,,,,,,,,,,,皆,jiē,所,suǒ,生,shēng,強,qiáng,,,德,dé,曰,yuē,故,gù,故,gù,而,ér,柢,dǐ,,,不,bù,所以,suǒ yǐ,易,yì,執,zhí,深,shēn,不,bù,不,bù,,,,,,,,,,,天,tiān,其,qí,,,,,天,tiān,不,bù,,,其,qí,不,bù
57,之,zhī,言,yán,者,zhě,,,,,,,,,,,,,有,yǒu,,,,,患,huàn,物,wù,混,hùn,乃,nǎi,,,,,,,兮,xī,然,rán,與,yǔ,樂,lè,,,地,dì,,,者,zhě,乃,nǎi,,,而,ér,者,zhě,譬,pì,,,能,néng,,,,,,,應,yìng,發,fā,,,若,ruò,我,wǒ,,,,,,,,,,,,,注,zhù,投,tóu,而,ér,用,yòng,,,乃,nǎi,明,míng,為,wéi,聖,shèng,不,bù,長,cháng,,,過,guò,貴,guì,必,bì,者,zhě,矣,yǐ,害,hài,敢,gǎn,,,,,,,,,,,網,wǎng,手,shǒu,,,,,下,xià,祥,xiáng,,,俗,sú,爭,zhēng
58,門,mén,之,zhī,不,bù,,,,,,,,,,,,,為,wéi,,,,,故,gù,之,zhī,兮,xī,天,tiān,,,,,,,若,ruò,哉,zāi,之,zhī,得,dé,,,大,dà,,,不,bù,足,zú,,,不得,bù dé,是,shì,道,dào,,,成,chéng,,,,,,,則,zé,神,shén,,,不足,bù zú,亦,yì,,,,,,,,,,,,,其,qí,虎,hǔ,不,bù,其,qí,,,普,pǔ,益,yì,天,tiān,人,rén,割,gē,生,shēng,,,欲,yù,此,cǐ,多,duō,失,shī,遠,yuǎn,是,shì,為,wéi,,,,,,,,,,,恢,huī,矣,yǐ,,,,,唯,wéi,是,shì,,,鄰,lín,,
59,門,mén,教,jiào,敢,gǎn,,,,,,,,,,,,,而,ér,,,,,貴,guì,象,xiàng,其,qí,天,tiān,,,,,,,無,wú,以,yǐ,爭,zhēng,之,zhī,,,王,wáng,,,善,shàn,復,fù,,,已,yǐ,樂,lè,之,zhī,,,其,qí,,,,,,,攘,rǎng,無,wú,,,建,jiàn,教,jiào,,,,,,,,,,,,,耳,ěr,無,wú,有,yǒu,光,guāng,,,故,gù,生,shēng,下,xià,云,yún,廉,lián,久,jiǔ,,,兼,jiān,道,dào,難,nán,之,zhī,矣,yǐ,以,yǐ,天,tiān,,,,,,,,,,,恢,huī,,,,,,,有,yǒu,為,wéi,,,國,guó,,
60,,,萬,wàn,為,wéi,,,,,,,,,,,,,不,bù,,,,,以,yǐ,是,shì,若,ruò,乃,nǎi,,,,,,,所,suǒ,此,cǐ,古,gǔ,同,tóng,,,亦,yì,,,人,rén,歸,guī,,,果,guǒ,殺,shā,在,zài,,,大,dà,,,,,,,臂,bì,以,yǐ,,,德,dé,之,zhī,,,,,,,,,,,,,目,mù,所,suǒ,為,wéi,復,fù,,,以,yǐ,曰,yuē,貴,guì,我,wǒ,而,ér,視,shì,,,畜,chù,者,zhě,是,shì,是,shì,與,yǔ,天,tiān,下,xià,,,,,,,,,,,疏,shū,,,,,,,道,dào,天,tiān,,,相,xiāng,,
61,,,物,wù,也,yě,,,,,,,,,,,,,恃,shì,,,,,身,shēn,謂,wèi,濁,zhuó,道,dào,,,,,,,歸,guī,,,之,zhī,於,yú,,,大,dà,,,之,zhī,於,yú,,,而,ér,人,rén,天,tiān,,,,,,,,,,,而,ér,靈,líng,,,若,ruò,強,qiáng,,,,,,,,,,,,,聖,shèng,措,cuò,而,ér,歸,guī,,,身,shēn,祥,xiáng,,,無,wú,不,bù,之,zhī,,,人,rén,何,hé,以,yǐ,以,yǐ,物,wù,下,xià,先,xiān,,,,,,,,,,,而,ér,,,,,,,者,zhě,下,xià,,,望,wàng,,
62,,,作,zuò,為,wéi,,,,,,,,,,,,,長,cháng,,,,,為,wéi,惚,hū,澹,dàn,道,dào,,,,,,,衆,zhòng,,,所,suǒ,德,dé,,,域,yù,,,師,shī,樸,pǔ,,,勿,wù,夫,fū,下,xià,,,,,,,,,,,扔,rēng,將,jiāng,,,偷,tōu,梁,liáng,,,,,,,,,,,,,人,rén,兵,bīng,不,bù,其,qí,,,觀,guān,心,xīn,,,為,wéi,劌,guì,道,dào,,,小,xiǎo,不,bù,聖,shèng,聖,shèng,反,fǎn,樂,lè,故,gù,,,,,,,,,,,不,bù,,,,,,,是,shì,王,wáng,,,雞,jī,,
63,,,焉,yān,無,wú,,,,,,,,,,,,,而,ér,,,,,天下,tiān xià,恍,huǎng,兮,xī,乃,nǎi,,,,,,,人,rén,,,謂,wèi,者,zhě,,,中,zhōng,,,不,bù,樸,pǔ,,,強,qiáng,樂,lè,猶,yóu,,,,,,,,,,,之,zhī,恐,kǒng,,,質,zhì,者,zhě,,,,,,,,,,,,,皆,jiē,無,wú,恃,shì,明,míng,,,身,shēn,使,shǐ,,,而,ér,直,zhí,久,jiǔ,,,國,guó,曰,yuē,人,rén,人,rén,矣,yǐ,推,tuī,能,néng,,,,,,,,,,,失,shī,,,,,,,以,yǐ,正,zhèng,,,犬,quǎn,,
64,,,而,ér,為,wéi,,,,,,,,,,,,,不,bù,,,,,若,ruò,迎,yíng,其,qí,久,jiǔ,,,,,,,皆,jiē,,,曲,qū,德,dé,,,有,yǒu,,,善,shàn,散,sàn,,,物,wù,殺,shā,川,chuān,,,,,,,,,,,故,gù,歇,xiē,,,真,zhēn,不得,bù dé,,,,,,,,,,,,,孩,hái,所,suǒ,長,zhǎng,無,wú,,,以,yǐ,氣,qì,,,民,mín,而,ér,,,,,不,bù,求,qiú,猶,yóu,無,wú,然,rán,而,ér,成,chéng,,,,,,,,,,,,,,,,,,,聖,shèng,言,yán,,,之,zhī,,
65,,,不,bù,則,zé,,,,,,,,,,,,,宰,zǎi,,,,,可,kě,之,zhī,若,ruò,沒,mò,,,,,,,有,yǒu,,,則,zé,亦,yì,,,四,sì,,,人,rén,則,zé,,,壯,zhuàng,人,rén,谷,gǔ,,,,,,,,,,,失,shī,谷,gǔ,,,若,ruò,其,qí,,,,,,,,,,,,,之,zhī,容,róng,而,ér,遺,yí,,,家,jiā,曰,yuē,,,自,zì,不,bù,,,,,過,guò,以,yǐ,難,nán,為,wéi,後,hòu,不,bù,器,qì,,,,,,,,,,,,,,,,,,,人,rén,若,ruò,,,聲,shēng,,
66,,,辭,cí,無,wú,,,,,,,,,,,,,是,shì,,,,,寄,jì,不,bù,海,hǎi,身,shēn,,,,,,,餘,yú,,,全,quán,樂,lè,,,大,dà,,,者,zhě,為,wéi,,,則,zé,者,zhě,之,zhī,,,,,,,,,,,道,dào,無,wú,,,渝,yú,死,sǐ,,,,,,,,,,,,,,,夫,fū,不,bù,身,shēn,,,觀,guān,強,qiáng,,,化,huà,肆,sì,,,,,欲,yù,得,dé,之,zhī,故,gù,乃,nǎi,厭,yàn,長,zhǎng,,,,,,,,,,,,,,,,,,,為,wéi,反,fǎn,,,相,xiāng,,
67,,,生,shēng,不,bù,,,,,,,,,,,,,謂,wèi,,,,,愛,ài,見,jiàn,飂,liù,不,bù,,,,,,,而,ér,,,豈,qǐ,得,dé,,,而,ér,,,善,shàn,器,qì,,,老,lǎo,不可,bù kě,與,yǔ,,,,,,,,,,,而,ér,以,yǐ,,,大,dà,吾,wú,,,,,,,,,,,,,,,何,hé,宰,zǎi,殃,yāng,,,家,jiā,物,wù,,,我,wǒ,光,guāng,,,,,入,rù,有,yǒu,故,gù,無,wú,至,zhì,樂,lè,今,jīn,,,,,,,,,,,,,,,,,,,而,ér,,,,,聞,wén,,
68,,,而,ér,治,zhì,,,,,,,,,,,,,玄,xuán,,,,,以,yǐ,其,qí,兮,xī,殆,dài,,,,,,,我,wǒ,,,虛,xū,之,zhī,,,王,wáng,,,人,rén,聖,shèng,,,是,shì,得,dé,江,jiāng,,,,,,,,,,,後,hòu,盈,yíng,,,方,fāng,將,jiāng,,,,,,,,,,,,,,,故,gù,是,shì,是,shì,,,以,yǐ,壯,zhuàng,,,好,hào,而,ér,,,,,事,shì,罪,zuì,終,zhōng,敗,bài,大,dà,為,wéi,舍,shě,,,,,,,,,,,,,,,,,,,不,bù,,,,,民,mín,,
69,,,不,bù,,,,,,,,,,,,,,,德,dé,,,,,身,shēn,首,shǒu,若,ruò,,,,,,,,,獨,dú,,,言,yán,同,tóng,,,居,jū,,,之,zhī,人,rén,,,謂,wèi,於,yú,海,hǎi,,,,,,,,,,,德,dé,將,jiāng,,,無,wú,以,yǐ,,,,,,,,,,,,,,,以,yǐ,謂,wèi,為,wéi,,,鄉,xiāng,則,zé,,,靜,jìng,不,bù,,,,,人,rén,以,yǐ,無,wú,無,wú,順,shùn,而,ér,慈,cí,,,,,,,,,,,,,,,,,,,恃,shì,,,,,至,zhì,,
70,,,有,yǒu,,,,,,,,,,,,,,,,,,,,,為,wéi,隨,suí,無,wú,,,,,,,,,若,ruò,,,哉,zāi,於,yú,,,其,qí,,,資,zī,用,yòng,,,不,bù,天,tiān,,,,,,,,,,,,,失,shī,恐,kǒng,,,隅,yú,為,wéi,,,,,,,,,,,,,,,其,qí,玄,xuán,習,xí,,,觀,guān,老,lǎo,,,而,ér,燿,yào,,,,,夫,fū,免,miǎn,難,nán,執,zhí,,,不,bù,且,qiě,,,,,,,,,,,,,,,,,,,功,gōng,,,,,老,lǎo,,
71,,,為,wéi,,,,,,,,,,,,,,,,,,,,,天下,tiān xià,之,zhī,止,zhǐ,,,,,,,,,遺,yí,,,誠,chéng,失,shī,,,一,yī,,,不,bù,之,zhī,,,道,dào,下,xià,,,,,,,,,,,,,德,dé,竭,jié,,,大,dà,教,jiào,,,,,,,,,,,,,,,無,wú,德,dé,常,cháng,,,鄉,xiāng,是,shì,,,民,mín,,,,,,,兩,liǎng,耶,yé,,,故,gù,,,辭,cí,勇,yǒng,,,,,,,,,,,,,,,,,,,成,chéng,,,,,死,sǐ,,
72,,,而,ér,,,,,,,,,,,,,,,,,,,,,若,ruò,不,bù,孰,shú,,,,,,,,,我,wǒ,,,全,quán,者,zhě,,,人,rén,,,貴,guì,則,zé,,,不,bù,矣,yǐ,,,,,,,,,,,,,而,ér,萬,wàn,,,器,qì,父,fù,,,,,,,,,,,,,,,死,sǐ,,,,,,,以,yǐ,謂,wèi,,,自,zì,,,,,,,者,zhě,故,gù,,,無,wú,,,,,舍,shě,,,,,,,,,,,,,,,,,,,而,ér,,,,,不,bù,,
73,,,不,bù,,,,,,,,,,,,,,,,,,,,,可,kě,見,jiàn,能,néng,,,,,,,,,愚,yú,,,而,ér,失,shī,,,法,fǎ,,,其,qí,為,wéi,,,道,dào,吉,jí,,,,,,,,,,,,,後,hòu,物,wù,,,晚,wǎn,,,,,,,,,,,,,,,,,地,dì,,,,,,,國,guó,不,bù,,,正,zhèng,,,,,,,各,gè,為,wéi,,,失,shī,,,,,儉,jiǎn,,,,,,,,,,,,,,,,,,,不,bù,,,,,相,xiāng,,
74,,,恃,shì,,,,,,,,,,,,,,,,,,,,,托,tuō,其,qí,濁,zhuó,,,,,,,,,人,rén,,,歸,guī,亦,yì,,,地,dì,,,師,shī,官,guān,,,早,zǎo,事,shì,,,,,,,,,,,,,仁,rén,無,wú,,,成,chéng,,,,,,,,,,,,,,,,,,,,,,,,,觀,guān,道,dào,,,我,wǒ,,,,,,,得,dé,天,tiān,,,民,mín,,,,,且,qiě,,,,,,,,,,,,,,,,,,,處,chǔ,,,,,往,wǎng,,
75,,,功,gōng,,,,,,,,,,,,,,,,,,,,,,,後,hòu,以,yǐ,,,,,,,,,之,zhī,,,之,zhī,樂,lè,,,地,dì,,,不,bù,長,zhǎng,,,已,yǐ,尚,shàng,,,,,,,,,,,,,失,shī,以,yǐ,,,大,dà,,,,,,,,,,,,,,,,,,,,,,,,,國,guó,不,bù,,,無,wú,,,,,,,其,qí,下,xià,,,之,zhī,,,,,廣,guǎng,,,,,,,,,,,,,,,,,,,其,qí,,,,,來,lái,,
76,,,成,chéng,,,,,,,,,,,,,,,,,,,,,,,執,zhí,靜,jìng,,,,,,,,,心,xīn,,,,,得,dé,,,法,fǎ,,,愛,ài,夫,fū,,,,,左,zuǒ,,,,,,,,,,,,,仁,rén,生,shēng,,,音,yīn,,,,,,,,,,,,,,,,,,,,,,,,,以,yǐ,道,dào,,,事,shì,,,,,,,所,suǒ,貴,guì,,,從,cóng,,,,,舍,shě,,,,,,,,,,,,,,,,,,,不,bù,,,,,,,,
77,,,而,ér,,,,,,,,,,,,,,,,,,,,,,,古,gǔ,之,zhī,,,,,,,,,也,yě,,,,,之,zhī,,,天,tiān,,,其,qí,大,dà,,,,,凶,xiōng,,,,,,,,,,,,,而,ér,將,jiāng,,,希,xī,,,,,,,,,,,,,,,,,,,,,,,,,天,tiān,早,zǎo,,,而,ér,,,,,,,欲,yù,,,,,事,shì,,,,,後,hòu,,,,,,,,,,,,,,,,,,,欲,yù,,,,,,,,
78,,,弗,fú,,,,,,,,,,,,,,,,,,,,,,,之,zhī,徐,xú,,,,,,,,,沌,dùn,,,,,信,xìn,,,天,tiān,,,資,zī,制,zhì,,,,,事,shì,,,,,,,,,,,,,後,hòu,恐,kǒng,,,聲,shēng,,,,,,,,,,,,,,,,,,,,,,,,,下,xià,已,yǐ,,,民,mín,,,,,,,大,dà,,,,,常,cháng,,,,,且,qiě,,,,,,,,,,,,,,,,,,,見,jiàn,,,,,,,,
79,,,居,jū,,,,,,,,,,,,,,,,,,,,,,,道,dào,清,qīng,,,,,,,,,沌,dùn,,,,,不足,bù zú,,,法,fǎ,,,雖,suī,不,bù,,,,,尚,shàng,,,,,,,,,,,,,義,yì,滅,miè,,,大,dà,,,,,,,,,,,,,,,,,,,,,,,,,觀,guān,,,,,自,zì,,,,,,,者,zhě,,,,,於,yú,,,,,先,xiān,,,,,,,,,,,,,,,,,,,賢,xián,,,,,,,,
80,,,夫,fū,,,,,,,,,,,,,,,,,,,,,,,以,yǐ,孰,shú,,,,,,,,,兮,xī,,,,,焉,yān,,,道,dào,,,智,zhì,割,gē,,,,,右,yòu,,,,,,,,,,,,,失,shī,侯,hóu,,,象,xiàng,,,,,,,,,,,,,,,,,,,,,,,,,天,tiān,,,,,富,fù,,,,,,,宜,yí,,,,,幾,jī,,,,,死,sǐ,,,,,,,,,,,,,,,,,,,,,,,,,,,,
81,,,唯,wéi,,,,,,,,,,,,,,,,,,,,,,,御,yù,能,néng,,,,,,,,,俗,sú,,,,,有,yǒu,,,道,dào,,,大,dà,,,,,,,偏,piān,,,,,,,,,,,,,義,yì,王,wáng,,,無,wú,,,,,,,,,,,,,,,,,,,,,,,,,下,xià,,,,,我,wǒ,,,,,,,為,wéi,,,,,成,chéng,,,,,矣,yǐ,,,,,,,,,,,,,,,,,,,,,,,,,,,,
82,,,弗,fú,,,,,,,,,,,,,,,,,,,,,,,今,jīn,安,ān,,,,,,,,,人,rén,,,,,不,bù,,,法,fǎ,,,迷,mí,,,,,,,將,jiàng,,,,,,,,,,,,,而,ér,無,wú,,,形,xíng,,,,,,,,,,,,,,,,,,,,,,,,,吾,wú,,,,,無,wú,,,,,,,下,xià,,,,,而,ér,,,,,夫,fū,,,,,,,,,,,,,,,,,,,,,,,,,,,,
83,,,居,jū,,,,,,,,,,,,,,,,,,,,,,,之,zhī,以,yǐ,,,,,,,,,昭,zhāo,,,,,信,xìn,,,自,zì,,,是,shì,,,,,,,軍,jūn,,,,,,,,,,,,,後,hòu,以,yǐ,,,道,dào,,,,,,,,,,,,,,,,,,,,,,,,,何,hé,,,,,欲,yù,,,,,,,,,,,,,敗,bài,,,,,慈,cí,,,,,,,,,,,,,,,,,,,,,,,,,,,,
84,,,是,shì,,,,,,,,,,,,,,,,,,,,,,,有,yǒu,久,jiǔ,,,,,,,,,昭,zhāo,,,,,焉,yān,,,然,rán,,,謂,wèi,,,,,,,居,jū,,,,,,,,,,,,,禮,lǐ,貞,zhēn,,,隱,yǐn,,,,,,,,,,,,,,,,,,,,,,,,,以,yǐ,,,,,而,ér,,,,,,,,,,,,,之,zhī,,,,,以,yǐ,,,,,,,,,,,,,,,,,,,,,,,,,,,,
85,,,以,yǐ,,,,,,,,,,,,,,,,,,,,,,,能,néng,動,dòng,,,,,,,,,我,wǒ,,,,,,,,,,,,,要,yào,,,,,,,左,zuǒ,,,,,,,,,,,,,夫,fū,將,jiāng,,,無,wú,,,,,,,,,,,,,,,,,,,,,,,,,知,zhī,,,,,民,mín,,,,,,,,,,,,,慎,shèn,,,,,戰,zhàn,,,,,,,,,,,,,,,,,,,,,,,,,,,,
86,,,不,bù,,,,,,,,,,,,,,,,,,,,,,,知,zhī,之,zhī,,,,,,,,,獨,dú,,,,,,,,,,,,,妙,miào,,,,,,,上,shàng,,,,,,,,,,,,,禮,lǐ,恐,kǒng,,,名,míng,,,,,,,,,,,,,,,,,,,,,,,,,天,tiān,,,,,自,zì,,,,,,,,,,,,,終,zhōng,,,,,則,zé,,,,,,,,,,,,,,,,,,,,,,,,,,,,
87,,,去,qù,,,,,,,,,,,,,,,,,,,,,,,古,gǔ,徐,xú,,,,,,,,,若,ruò,,,,,,,,,,,,,,,,,,,,,將,jiàng,,,,,,,,,,,,,者,zhě,蹶,jué,,,夫,fū,,,,,,,,,,,,,,,,,,,,,,,,,下,xià,,,,,樸,pǔ,,,,,,,,,,,,,如,ruò,,,,,勝,shèng,,,,,,,,,,,,,,,,,,,,,,,,,,,,
88,,,唯,wei2,,,,,,,,,,,,,,,,,,,,,,,始,shǐ,生,shēng,,,,,,,,,昏,hūn,,,,,,,,,,,,,,,,,,,,,居,jū,,,,,,,,,,,,,忠,zhōng,故,gù,,,唯,wéi,,,,,,,,,,,,,,,,,,,,,,,,,然,rán,,,,,,,,,,,,,,,,,,,始,shǐ,,,,,以,yǐ,,,,,,,,,,,,,,,,,,,,,,,,,,,,
89,,,弗,fu2,,,,,,,,,,,,,,,,,,,,,,,是,shì,保,bǎo,,,,,,,,,俗,sú,,,,,,,,,,,,,,,,,,,,,右,yòu,,,,,,,,,,,,,信,xìn,貴,guì,,,道,dào,,,,,,,,,,,,,,,,,,,,,,,,,哉,zāi,,,,,,,,,,,,,,,,,,,則,zé,,,,,守,shǒu,,,,,,,,,,,,,,,,,,,,,,,,,,,,
90,,,居,ju1,,,,,,,,,,,,,,,,,,,,,,,謂,wèi,此,cǐ,,,,,,,,,人,rén,,,,,,,,,,,,,,,,,,,,,言,yán,,,,,,,,,,,,,之,zhī,以,yǐ,,,善,shàn,,,,,,,,,,,,,,,,,,,,,,,,,以,yǐ,,,,,,,,,,,,,,,,,,,無,wú,,,,,則,zé,,,,,,,,,,,,,,,,,,,,,,,,,,,,
91,,,是,shi4,,,,,,,,,,,,,,,,,,,,,,,道,dào,道,dào,,,,,,,,,察,chá,,,,,,,,,,,,,,,,,,,,,以,yǐ,,,,,,,,,,,,,薄,bó,賤,jiàn,,,貸,dài,,,,,,,,,,,,,,,,,,,,,,,,,此,cǐ,,,,,,,,,,,,,,,,,,,敗,bài,,,,,固,gù,,,,,,,,,,,,,,,,,,,,,,,,,,,,
92,,,以,yi3,,,,,,,,,,,,,,,,,,,,,,,紀,jì,者,zhě,,,,,,,,,察,chá,,,,,,,,,,,,,,,,,,,,,喪,sāng,,,,,,,,,,,,,而,ér,為,wéi,,,且,qiě,,,,,,,,,,,,,,,,,,,,,,,,,,,,,,,,,,,,,,,,,,,,,事,shì,,,,,天,tiān,,,,,,,,,,,,,,,,,,,,,,,,,,,,
93,,,不,bu,,,,,,,,,,,,,,,,,,,,,,,,,不,bù,,,,,,,,,我,wǒ,,,,,,,,,,,,,,,,,,,,,禮,lǐ,,,,,,,,,,,,,亂,luàn,本,běn,,,成,chéng,,,,,,,,,,,,,,,,,,,,,,,,,,,,,,,,,,,,,,,,,,,,,是,shì,,,,,將,jiāng,,,,,,,,,,,,,,,,,,,,,,,,,,,,
94,,,去,qu4,,,,,,,,,,,,,,,,,,,,,,,,,欲,yù,,,,,,,,,獨,dú,,,,,,,,,,,,,,,,,,,,,處,chǔ,,,,,,,,,,,,,之,zhī,高,gāo,,,,,,,,,,,,,,,,,,,,,,,,,,,,,,,,,,,,,,,,,,,,,,,,,以,yǐ,,,,,救,jiù,,,,,,,,,,,,,,,,,,,,,,,,,,,,
95,,,,,,,,,,,,,,,,,,,,,,,,,,,,,盈,yíng,,,,,,,,,若,ruò,,,,,,,,,,,,,,,,,,,,,之,zhī,,,,,,,,,,,,,首,shǒu,以下,yǐ xià,,,,,,,,,,,,,,,,,,,,,,,,,,,,,,,,,,,,,,,,,,,,,,,,,聖,shèng,,,,,之,zhī,,,,,,,,,,,,,,,,,,,,,,,,,,,,
96,,,,,,,,,,,,,,,,,,,,,,,,,,,,,夫,fū,,,,,,,,,閒,xián,,,,,,,,,,,,,,,,,,,,,,,,,,,,,,,,,,,前,qián,為,wéi,,,,,,,,,,,,,,,,,,,,,,,,,,,,,,,,,,,,,,,,,,,,,,,,,人,rén,,,,,以,yǐ,,,,,,,,,,,,,,,,,,,,,,,,,,,,
97,,,,,,,,,,,,,,,,,,,,,,,,,,,,,唯,wéi,,,,,,,,,澹,dàn,,,,,,,,,,,,,,,,,,,,,,,,,,,,,,,,,,,識,shí,基,jī,,,,,,,,,,,,,,,,,,,,,,,,,,,,,,,,,,,,,,,,,,,,,,,,,欲,yù,,,,,慈,cí,,,,,,,,,,,,,,,,,,,,,,,,,,,,
98,,,,,,,,,,,,,,,,,,,,,,,,,,,,,不,bù,,,,,,,,,兮,xī,,,,,,,,,,,,,,,,,,,,,,,,,,,,,,,,,,,者,zhě,是,shì,,,,,,,,,,,,,,,,,,,,,,,,,,,,,,,,,,,,,,,,,,,,,,,,,不,bù,,,,,衛,wèi,,,,,,,,,,,,,,,,,,,,,,,,,,,,
99,,,,,,,,,,,,,,,,,,,,,,,,,,,,,盈,yíng,,,,,,,,,若,ruò,,,,,,,,,,,,,,,,,,,,,,,,,,,,,,,,,,,華,huá,以,yǐ,,,,,,,,,,,,,,,,,,,,,,,,,,,,,,,,,,,,,,,,,,,,,,,,,欲,yù,,,,,之,zhī,,,,,,,,,,,,,,,,,,,,,,,,,,,,
100,,,,,,,,,,,,,,,,,,,,,,,,,,,,,故,gù,,,,,,,,,海,hǎi,,,,,,,,,,,,,,,,,,,,,,,,,,,,,,,,,,,道,dào,侯,hóu,,,,,,,,,,,,,,,,,,,,,,,,,,,,,,,,,,,,,,,,,,,,,,,,,不,bù,,,,,,,,,,,,,,,,,,,,,,,,,,,,,,,,,,
101,,,,,,,,,,,,,,,,,,,,,,,,,,,,,能,néng,,,,,,,,,飂,liù,,,,,,,,,,,,,,,,,,,,,,,,,,,,,,,,,,,之,zhī,王,wáng,,,,,,,,,,,,,,,,,,,,,,,,,,,,,,,,,,,,,,,,,,,,,,,,,貴,guì,,,,,,,,,,,,,,,,,,,,,,,,,,,,,,,,,,
102,,,,,,,,,,,,,,,,,,,,,,,,,,,,,蔽,bì,,,,,,,,,兮,xī,,,,,,,,,,,,,,,,,,,,,,,,,,,,,,,,,,,華,huá,自,zì,,,,,,,,,,,,,,,,,,,,,,,,,,,,,,,,,,,,,,,,,,,,,,,,,難,nán,,,,,,,,,,,,,,,,,,,,,,,,,,,,,,,,,,
103,,,,,,,,,,,,,,,,,,,,,,,,,,,,,不,bù,,,,,,,,,若,ruò,,,,,,,,,,,,,,,,,,,,,,,,,,,,,,,,,,,而,ér,稱,chēng,,,,,,,,,,,,,,,,,,,,,,,,,,,,,,,,,,,,,,,,,,,,,,,,,得,dé,,,,,,,,,,,,,,,,,,,,,,,,,,,,,,,,,,
104,,,,,,,,,,,,,,,,,,,,,,,,,,,,,新,xīn,,,,,,,,,無,wú,,,,,,,,,,,,,,,,,,,,,,,,,,,,,,,,,,,愚,yú,孤,gū,,,,,,,,,,,,,,,,,,,,,,,,,,,,,,,,,,,,,,,,,,,,,,,,,之,zhī,,,,,,,,,,,,,,,,,,,,,,,,,,,,,,,,,,
105,,,,,,,,,,,,,,,,,,,,,,,,,,,,,成,chéng,,,,,,,,,止,zhǐ,,,,,,,,,,,,,,,,,,,,,,,,,,,,,,,,,,,之,zhī,寡,guǎ,,,,,,,,,,,,,,,,,,,,,,,,,,,,,,,,,,,,,,,,,,,,,,,,,貨,huò,,,,,,,,,,,,,,,,,,,,,,,,,,,,,,,,,,
106,,,,,,,,,,,,,,,,,,,,,,,,,,,,,,,,,,,,,,,衆,zhòng,,,,,,,,,,,,,,,,,,,,,,,,,,,,,,,,,,,始,shǐ,不,bù,,,,,,,,,,,,,,,,,,,,,,,,,,,,,,,,,,,,,,,,,,,,,,,,,學,xué,,,,,,,,,,,,,,,,,,,,,,,,,,,,,,,,,,
107,,,,,,,,,,,,,,,,,,,,,,,,,,,,,,,,,,,,,,,人,rén,,,,,,,,,,,,,,,,,,,,,,,,,,,,,,,,,,,是,shì,穀,gǔ,,,,,,,,,,,,,,,,,,,,,,,,,,,,,,,,,,,,,,,,,,,,,,,,,不,bù,,,,,,,,,,,,,,,,,,,,,,,,,,,,,,,,,,
108,,,,,,,,,,,,,,,,,,,,,,,,,,,,,,,,,,,,,,,皆,jiē,,,,,,,,,,,,,,,,,,,,,,,,,,,,,,,,,,,以,yǐ,此,cǐ,,,,,,,,,,,,,,,,,,,,,,,,,,,,,,,,,,,,,,,,,,,,,,,,,學,xué,,,,,,,,,,,,,,,,,,,,,,,,,,,,,,,,,,
109,,,,,,,,,,,,,,,,,,,,,,,,,,,,,,,,,,,,,,,有,yǒu,,,,,,,,,,,,,,,,,,,,,,,,,,,,,,,,,,,大,dà,其,qí,,,,,,,,,,,,,,,,,,,,,,,,,,,,,,,,,,,,,,,,,,,,,,,,,復,fù,,,,,,,,,,,,,,,,,,,,,,,,,,,,,,,,,,
110,,,,,,,,,,,,,,,,,,,,,,,,,,,,,,,,,,,,,,,以,yǐ,,,,,,,,,,,,,,,,,,,,,,,,,,,,,,,,,,,丈夫,zhàng fū,賤,jiàn,,,,,,,,,,,,,,,,,,,,,,,,,,,,,,,,,,,,,,,,,,,,,,,,,眾,zhòng,,,,,,,,,,,,,,,,,,,,,,,,,,,,,,,,,,
111,,,,,,,,,,,,,,,,,,,,,,,,,,,,,,,,,,,,,,,我,wǒ,,,,,,,,,,,,,,,,,,,,,,,,,,,,,,,,,,,處,chǔ,也,yě,,,,,,,,,,,,,,,,,,,,,,,,,,,,,,,,,,,,,,,,,,,,,,,,,人,rén,,,,,,,,,,,,,,,,,,,,,,,,,,,,,,,,,,
,,,,,,,,,,,,,,,,,,,,,,,,,,,,,,,,,,,,,,,獨,dú,,,,,,,,,,,,,,,,,,,,,,,,,,,,,,,,,,,其,qí,非,fēi,,,,,,,,,,,,,,,,,,,,,,,,,,,,,,,,,,,,,,,,,,,,,,,,,之,zhī,,,,,,,,,,,,,,,,,,,,,,,,,,,,,,,,,,
,,,,,,,,,,,,,,,,,,,,,,,,,,,,,,,,,,,,,,,頑,wán,,,,,,,,,,,,,,,,,,,,,,,,,,,,,,,,,,,厚,hòu,以,yǐ,,,,,,,,,,,,,,,,,,,,,,,,,,,,,,,,,,,,,,,,,,,,,,,,,所,suǒ,,,,,,,,,,,,,,,,,,,,,,,,,,,,,,,,,,
,,,,,,,,,,,,,,,,,,,,,,,,,,,,,,,,,,,,,,,且,qiě,,,,,,,,,,,,,,,,,,,,,,,,,,,,,,,,,,,不,bù,賤,jiàn,,,,,,,,,,,,,,,,,,,,,,,,,,,,,,,,,,,,,,,,,,,,,,,,,過,guò,,,,,,,,,,,,,,,,,,,,,,,,,,,,,,,,,,
,,,,,,,,,,,,,,,,,,,,,,,,,,,,,,,,,,,,,,,鄙,bǐ,,,,,,,,,,,,,,,,,,,,,,,,,,,,,,,,,,,處,chǔ,為,wéi,,,,,,,,,,,,,,,,,,,,,,,,,,,,,,,,,,,,,,,,,,,,,,,,,以,yǐ,,,,,,,,,,,,,,,,,,,,,,,,,,,,,,,,,,
,,,,,,,,,,,,,,,,,,,,,,,,,,,,,,,,,,,,,,,我,wǒ,,,,,,,,,,,,,,,,,,,,,,,,,,,,,,,,,,,其,qí,本,běn,,,,,,,,,,,,,,,,,,,,,,,,,,,,,,,,,,,,,,,,,,,,,,,,,輔,fǔ,,,,,,,,,,,,,,,,,,,,,,,,,,,,,,,,,,
,,,,,,,,,,,,,,,,,,,,,,,,,,,,,,,,,,,,,,,獨,dú,,,,,,,,,,,,,,,,,,,,,,,,,,,,,,,,,,,薄,bó,邪,yé,,,,,,,,,,,,,,,,,,,,,,,,,,,,,,,,,,,,,,,,,,,,,,,,,萬,wàn,,,,,,,,,,,,,,,,,,,,,,,,,,,,,,,,,,
,,,,,,,,,,,,,,,,,,,,,,,,,,,,,,,,,,,,,,,異,yì,,,,,,,,,,,,,,,,,,,,,,,,,,,,,,,,,,,處,chǔ,故,gù,,,,,,,,,,,,,,,,,,,,,,,,,,,,,,,,,,,,,,,,,,,,,,,,,物,wù,,,,,,,,,,,,,,,,,,,,,,,,,,,,,,,,,,
,,,,,,,,,,,,,,,,,,,,,,,,,,,,,,,,,,,,,,,於,yú,,,,,,,,,,,,,,,,,,,,,,,,,,,,,,,,,,,其,qí,致,zhì,,,,,,,,,,,,,,,,,,,,,,,,,,,,,,,,,,,,,,,,,,,,,,,,,之,zhī,,,,,,,,,,,,,,,,,,,,,,,,,,,,,,,,,,
,,,,,,,,,,,,,,,,,,,,,,,,,,,,,,,,,,,,,,,人,rén,,,,,,,,,,,,,,,,,,,,,,,,,,,,,,,,,,,實,shí,數,shù,,,,,,,,,,,,,,,,,,,,,,,,,,,,,,,,,,,,,,,,,,,,,,,,,自,zì,,,,,,,,,,,,,,,,,,,,,,,,,,,,,,,,,,
,,,,,,,,,,,,,,,,,,,,,,,,,,,,,,,,,,,,,,,而,ér,,,,,,,,,,,,,,,,,,,,,,,,,,,,,,,,,,,不,bù,輿,yú,,,,,,,,,,,,,,,,,,,,,,,,,,,,,,,,,,,,,,,,,,,,,,,,,然而,rán,,,,,,,,,,,,,,,,,,,,,,,,,,,,,,,,,,
,,,,,,,,,,,,,,,,,,,,,,,,,,,,,,,,,,,,,,,貴,guì,,,,,,,,,,,,,,,,,,,,,,,,,,,,,,,,,,,處,chǔ,無,wú,,,,,,,,,,,,,,,,,,,,,,,,,,,,,,,,,,,,,,,,,,,,,,,,,而,ér,,,,,,,,,,,,,,,,,,,,,,,,,,,,,,,,,,
,,,,,,,,,,,,,,,,,,,,,,,,,,,,,,,,,,,,,,,食,shí,,,,,,,,,,,,,,,,,,,,,,,,,,,,,,,,,,,其,qí,輿,yú,,,,,,,,,,,,,,,,,,,,,,,,,,,,,,,,,,,,,,,,,,,,,,,,,不,bù,,,,,,,,,,,,,,,,,,,,,,,,,,,,,,,,,,
,,,,,,,,,,,,,,,,,,,,,,,,,,,,,,,,,,,,,,,母,mǔ,,,,,,,,,,,,,,,,,,,,,,,,,,,,,,,,,,,華,huá,不,bù,,,,,,,,,,,,,,,,,,,,,,,,,,,,,,,,,,,,,,,,,,,,,,,,,敢,gǎn,,,,,,,,,,,,,,,,,,,,,,,,,,,,,,,,,,
,,,,,,,,,,,,,,,,,,,,,,,,,,,,,,,,,,,,,,,,,,,,,,,,,,,,,,,,,,,,,,,,,,,,,,,,,,,故,gù,可以,kě yǐ,,,,,,,,,,,,,,,,,,,,,,,,,,,,,,,,,,,,,,,,,,,,,,,,,為,wéi,,,,,,,,,,,,,,,,,,,,,,,,,,,,,,,,,,
,,,,,,,,,,,,,,,,,,,,,,,,,,,,,,,,,,,,,,,,,,,,,,,,,,,,,,,,,,,,,,,,,,,,,,,,,,,去,qù,為,wéi,,,,,,,,,,,,,,,,,,,,,,,,,,,,,,,,,,,,,,,,,,,,,,,,,,,,,,,,,,,,,,,,,,,,,,,,,,,,,,,,,,,,
,,,,,,,,,,,,,,,,,,,,,,,,,,,,,,,,,,,,,,,,,,,,,,,,,,,,,,,,,,,,,,,,,,,,,,,,,,,彼,bǐ,貴,guì,,,,,,,,,,,,,,,,,,,,,,,,,,,,,,,,,,,,,,,,,,,,,,,,,,,,,,,,,,,,,,,,,,,,,,,,,,,,,,,,,,,,
,,,,,,,,,,,,,,,,,,,,,,,,,,,,,,,,,,,,,,,,,,,,,,,,,,,,,,,,,,,,,,,,,,,,,,,,,,,取,qǔ,也,yě,,,,,,,,,,,,,,,,,,,,,,,,,,,,,,,,,,,,,,,,,,,,,,,,,,,,,,,,,,,,,,,,,,,,,,,,,,,,,,,,,,,,
,,,,,,,,,,,,,,,,,,,,,,,,,,,,,,,,,,,,,,,,,,,,,,,,,,,,,,,,,,,,,,,,,,,,,,,,,,,此,cǐ,,,,,,,,,,,,,,,,,,,,,,,,,,,,,,,,,,,,,,,,,,,,,,,,,,,,,,,,,,,,,,,,,,,,,,,,,,,,,,,,,,,,,,